BoosterVersion,PayloadMass,Orbit,LaunchSite,Outcome,Flights,GridFins,Reused,Legs,LandingPad,Block,ReusedCount,Serial,Longitude,Latitude,Class
Falcon 1,20.0,LEO,Kwajalein Atoll,None None,1,False,False,False,,,0,Merlin1A,167.7431292,9.0477206,0
Falcon 1,6035.0,LEO,Kwajalein Atoll,None None,1,False,False,False,,,0,Merlin2A,167.7431292,9.0477206,0
Falcon 1,6035.0,LEO,Kwajalein Atoll,None None,1,False,False,False,,,0,Merlin1C,167.7431292,9.0477206,0
Falcon 1,165.0,LEO,Kwajalein Atoll,None None,1,False,False,False,,,0,Merlin2C,167.7431292,9.0477206,0
Falcon 1,200.0,LEO,Kwajalein Atoll,None None,1,False,False,False,,,0,Merlin3C,167.7431292,9.0477206,0
Falcon 9,6035.0,LEO,CCSFS SLC 40,None None,1,False,False,False,,1.0,0,B0003,-80.577366,28.5618571,0
Falcon 9,6035.0,LEO,CCSFS SLC 40,None None,1,False,False,False,,1.0,0,B0004,-80.577366,28.5618571,0
Falcon 9,525.0,LEO,CCSFS SLC 40,None None,1,False,False,False,,1.0,0,B0005,-80.577366,28.5618571,0
Falcon 9,400.0,ISS,CCSFS SLC 40,None None,1,False,False,False,,1.0,0,B0006,-80.577366,28.5618571,0
Falcon 9,677.0,ISS,CCSFS SLC 40,None None,1,False,False,False,,1.0,0,B0007,-80.577366,28.5618571,0
Falcon 9,500.0,PO,VAFB SLC 4E,False Ocean,1,False,False,False,,1.0,0,B1003,-120.610829,34.632093,1
Falcon 9,3170.0,GTO,CCSFS SLC 40,None None,1,False,False,False,,1.0,0,B1004,-80.577366,28.5618571,0
Falcon 9,3325.0,GTO,CCSFS SLC 40,None None,1,False,False,False,,1.0,0,B1005,-80.577366,28.5618571,0
Falcon 9,2296.0,ISS,CCSFS SLC 40,True Ocean,1,False,False,True,,1.0,0,B1006,-80.577366,28.5618571,1
Falcon 9,1316.0,LEO,CCSFS SLC 40,True Ocean,1,False,False,True,,1.0,0,B1007,-80.577366,28.5618571,1
Falcon 9,4535.0,GTO,CCSFS SLC 40,None None,1,False,False,False,,1.0,0,B1008,-80.577366,28.5618571,0
Falcon 9,4428.0,GTO,CCSFS SLC 40,None None,1,False,False,False,,1.0,0,B1011,-80.577366,28.5618571,0
Falcon 9,2216.0,ISS,CCSFS SLC 40,False Ocean,1,False,False,False,,1.0,0,B1010,-80.577366,28.5618571,1
Falcon 9,2395.0,ISS,CCSFS SLC 40,False ASDS,1,True,False,True,5e9e3032383ecb761634e7cb,1.0,0,B1012,-80.577366,28.5618571,0
Falcon 9,570.0,ES-L1,CCSFS SLC 40,True Ocean,1,True,False,True,,1.0,0,B1013,-80.577366,28.5618571,1
Falcon 9,1954.0,GTO,CCSFS SLC 40,None None,1,False,False,False,,1.0,0,B1014,-80.577366,28.5618571,0
Falcon 9,1898.0,ISS,CCSFS SLC 40,False ASDS,1,True,False,True,5e9e3032383ecb761634e7cb,1.0,0,B1015,-80.577366,28.5618571,0
Falcon 9,4707.0,GTO,CCSFS SLC 40,None None,1,False,False,False,,1.0,0,B1016,-80.577366,28.5618571,0
Falcon 9,2477.0,ISS,CCSFS SLC 40,None ASDS,1,True,False,True,5e9e3032383ecb6bb234e7ca,1.0,0,B1018,-80.577366,28.5618571,1
Falcon 9,2034.0,LEO,CCSFS SLC 40,True RTLS,1,True,False,True,5e9e3032383ecb267a34e7c7,1.0,0,B1019,-80.577366,28.5618571,1
Falcon 9,553.0,PO,VAFB SLC 4E,False ASDS,1,True,False,True,5e9e3033383ecbb9e534e7cc,1.0,0,B1017,-120.610829,34.632093,0
Falcon 9,5271.0,GTO,CCSFS SLC 40,False ASDS,1,True,False,True,5e9e3032383ecb6bb234e7ca,1.0,0,B1020,-80.577366,28.5618571,0
Falcon 9,3136.0,ISS,CCSFS SLC 40,True ASDS,1,True,False,True,5e9e3032383ecb6bb234e7ca,2.0,1,B1021,-80.577366,28.5618571,1
Falcon 9,4696.0,GTO,CCSFS SLC 40,True ASDS,1,True,False,True,5e9e3032383ecb6bb234e7ca,2.0,0,B1022,-80.577366,28.5618571,1
Falcon 9,3100.0,GTO,CCSFS SLC 40,True ASDS,1,True,False,True,5e9e3032383ecb6bb234e7ca,2.0,1,B1023,-80.577366,28.5618571,1
Falcon 9,1800.0,GTO,CCSFS SLC 40,False ASDS,1,True,False,True,5e9e3032383ecb6bb234e7ca,2.0,0,B1024,-80.577366,28.5618571,0
Falcon 9,2257.0,ISS,CCSFS SLC 40,True RTLS,1,True,False,True,5e9e3032383ecb267a34e7c7,2.0,1,B1025,-80.577366,28.5618571,1
Falcon 9,4600.0,GTO,CCSFS SLC 40,True ASDS,1,True,False,True,5e9e3032383ecb6bb234e7ca,2.0,0,B1026,-80.577366,28.5618571,1
Falcon 9,5500.0,GTO,CCSFS SLC 40,None ASDS,1,True,False,True,5e9e3032383ecb6bb234e7ca,3.0,0,B1028,-80.577366,28.5618571,1
Falcon 9,9600.0,PO,VAFB SLC 4E,True ASDS,1,True,False,True,5e9e3033383ecbb9e534e7cc,3.0,1,B1029,-120.610829,34.632093,1
Falcon 9,2490.0,ISS,KSC LC 39A,True RTLS,1,True,False,True,5e9e3032383ecb267a34e7c7,3.0,1,B1031,-80.6039558,28.6080585,1
Falcon 9,5600.0,GTO,KSC LC 39A,None None,1,False,False,False,,3.0,0,B1030,-80.6039558,28.6080585,0
Falcon 9,5300.0,GTO,KSC LC 39A,True ASDS,2,True,True,True,5e9e3032383ecb6bb234e7ca,2.0,1,B1021,-80.6039558,28.6080585,1
Falcon 9,6035.0,LEO,KSC LC 39A,True RTLS,1,True,False,True,5e9e3032383ecb267a34e7c7,3.0,1,B1032,-80.6039558,28.6080585,1
Falcon 9,6070.0,GTO,KSC LC 39A,None None,1,False,False,False,,3.0,0,B1034,-80.6039558,28.6080585,0
Falcon 9,2708.0,ISS,KSC LC 39A,True RTLS,1,True,False,True,5e9e3032383ecb267a34e7c7,3.0,1,B1035,-80.6039558,28.6080585,1
Falcon 9,3669.0,GTO,KSC LC 39A,True ASDS,2,True,True,True,5e9e3032383ecb6bb234e7ca,3.0,1,B1029,-80.6039558,28.6080585,1
Falcon 9,9600.0,PO,VAFB SLC 4E,True ASDS,1,True,False,True,5e9e3033383ecbb9e534e7cc,3.0,1,B1036,-120.610829,34.632093,1
Falcon 9,6761.0,GTO,KSC LC 39A,None None,1,False,False,False,,3.0,0,B1037,-80.6039558,28.6080585,0
Falcon 9,2910.0,ISS,KSC LC 39A,True RTLS,1,True,False,True,5e9e3032383ecb267a34e7c7,4.0,1,B1039,-80.6039558,28.6080585,1
Falcon 9,475.0,SSO,VAFB SLC 4E,True ASDS,1,True,False,True,5e9e3033383ecbb9e534e7cc,3.0,1,B1038,-120.610829,34.632093,1
Falcon 9,4990.0,LEO,KSC LC 39A,True RTLS,1,True,False,True,5e9e3032383ecb267a34e7c7,4.0,1,B1040,-80.6039558,28.6080585,1
Falcon 9,9600.0,PO,VAFB SLC 4E,True ASDS,1,True,False,True,5e9e3033383ecbb9e534e7cc,4.0,1,B1041,-120.610829,34.632093,1
Falcon 9,5200.0,GTO,KSC LC 39A,True ASDS,2,True,True,True,5e9e3032383ecb6bb234e7ca,3.0,1,B1031,-80.6039558,28.6080585,1
Falcon 9,3700.0,GTO,KSC LC 39A,True ASDS,1,True,False,True,5e9e3032383ecb6bb234e7ca,4.0,0,B1042,-80.6039558,28.6080585,1
Falcon 9,2205.0,ISS,CCSFS SLC 40,True RTLS,2,True,True,True,5e9e3032383ecb267a34e7c7,3.0,1,B1035,-80.577366,28.5618571,1
Falcon 9,9600.0,PO,VAFB SLC 4E,True Ocean,2,True,True,False,,3.0,1,B1036,-120.610829,34.632093,1
Falcon 9,6035.0,LEO,CCSFS SLC 40,True RTLS,1,True,False,True,5e9e3032383ecb267a34e7c7,4.0,1,B1043,-80.577366,28.5618571,1
Falcon 9,4230.0,GTO,CCSFS SLC 40,True Ocean,2,True,True,True,,3.0,1,B1032,-80.577366,28.5618571,1
Falcon Heavy,1350.0,HCO,KSC LC 39A,False ASDS,1,True,False,True,5e9e3032383ecb6bb234e7ca,3.0,0,B1033,-80.6039558,28.6080585,0
Falcon 9,1350.0,SSO,VAFB SLC 4E,None None,2,True,True,False,,3.0,1,B1038,-120.610829,34.632093,0
Falcon 9,6092.0,GTO,CCSFS SLC 40,None None,1,True,False,True,,4.0,0,B1044,-80.577366,28.5618571,0
Falcon 9,9600.0,PO,VAFB SLC 4E,None None,2,True,True,True,,4.0,1,B1041,-120.610829,34.632093,0
Falcon 9,2760.0,ISS,CCSFS SLC 40,None None,2,True,True,True,,4.0,1,B1039,-80.577366,28.5618571,0
Falcon 9,350.0,HEO,CCSFS SLC 40,True ASDS,1,True,False,True,5e9e3032383ecb6bb234e7ca,4.0,1,B1045,-80.577366,28.5618571,1
Falcon 9,3750.0,GTO,KSC LC 39A,True ASDS,1,True,False,True,5e9e3032383ecb6bb234e7ca,5.0,3,B1046,-80.6039558,28.6080585,1
Falcon 9,4300.0,PO,VAFB SLC 4E,None None,2,True,True,False,,4.0,1,B1043,-120.610829,34.632093,0
Falcon 9,5383.85,GTO,CCSFS SLC 40,None None,2,False,True,False,,4.0,1,B1040,-80.577366,28.5618571,0
Falcon 9,2410.0,ISS,CCSFS SLC 40,None None,2,False,True,False,,4.0,1,B1045,-80.577366,28.5618571,0
Falcon 9,7076.0,GTO,CCSFS SLC 40,True ASDS,1,True,False,True,5e9e3032383ecb6bb234e7ca,5.0,2,B1047,-80.577366,28.5618571,1
Falcon 9,9600.0,PO,VAFB SLC 4E,True ASDS,1,True,False,True,5e9e3033383ecbb9e534e7cc,5.0,4,B1048,-120.610829,34.632093,1
Falcon 9,5800.0,GTO,CCSFS SLC 40,True ASDS,2,True,True,True,5e9e3032383ecb6bb234e7ca,5.0,3,B1046,-80.577366,28.5618571,1
Falcon 9,7060.0,GTO,CCSFS SLC 40,True ASDS,1,True,False,True,5e9e3032383ecb6bb234e7ca,5.0,9,B1049,-80.577366,28.5618571,1
Falcon 9,2800.0,SSO,VAFB SLC 4E,True RTLS,2,True,True,True,5e9e3032383ecb554034e7c9,5.0,4,B1048,-120.610829,34.632093,1
Falcon 9,3000.0,GTO,KSC LC 39A,True ASDS,2,True,True,True,5e9e3032383ecb6bb234e7ca,5.0,2,B1047,-80.6039558,28.6080585,1
Falcon 9,4000.0,SSO,VAFB SLC 4E,True ASDS,3,True,True,True,5e9e3033383ecbb9e534e7cc,5.0,3,B1046,-120.610829,34.632093,1
Falcon 9,2573.0,ISS,CCSFS SLC 40,False RTLS,1,True,False,True,5e9e3032383ecb267a34e7c7,5.0,0,B1050,-80.577366,28.5618571,0
Falcon 9,4400.0,MEO,CCSFS SLC 40,None None,1,False,False,False,,5.0,0,B1054,-80.577366,28.5618571,0
Falcon 9,9600.0,PO,VAFB SLC 4E,True ASDS,2,True,True,True,5e9e3033383ecbb9e534e7cc,5.0,9,B1049,-120.610829,34.632093,1
Falcon 9,5000.0,GTO,CCSFS SLC 40,True ASDS,3,True,True,True,5e9e3032383ecb6bb234e7ca,5.0,4,B1048,-80.577366,28.5618571,1
Falcon 9,12259.0,ISS,KSC LC 39A,True ASDS,1,True,False,True,5e9e3032383ecb6bb234e7ca,5.0,12,B1051,-80.6039558,28.6080585,1
Falcon Heavy,6000.0,GTO,KSC LC 39A,True ASDS,1,True,False,True,5e9e3032383ecb6bb234e7ca,5.0,0,B1055,-80.6039558,28.6080585,1
Falcon 9,2482.0,ISS,CCSFS SLC 40,True ASDS,1,True,False,True,5e9e3032383ecb6bb234e7ca,5.0,3,B1056,-80.577366,28.5618571,1
Falcon 9,13200.0,VLEO,CCSFS SLC 40,True ASDS,3,True,True,True,5e9e3032383ecb6bb234e7ca,5.0,9,B1049,-80.577366,28.5618571,1
Falcon 9,1425.0,SSO,VAFB SLC 4E,True RTLS,2,True,True,True,5e9e3032383ecb554034e7c9,5.0,12,B1051,-120.610829,34.632093,1
Falcon Heavy,600.0,MEO,KSC LC 39A,False ASDS,1,True,False,True,5e9e3032383ecb6bb234e7ca,5.0,0,B1057,-80.6039558,28.6080585,0
Falcon 9,2227.7,ISS,CCSFS SLC 40,True RTLS,2,True,True,True,5e9e3032383ecb267a34e7c7,5.0,3,B1056,-80.577366,28.5618571,1
Falcon 9,6500.0,GTO,CCSFS SLC 40,None None,3,False,True,False,,5.0,2,B1047,-80.577366,28.5618571,0
Falcon 9,15600.0,VLEO,CCSFS SLC 40,True ASDS,4,True,True,True,5e9e3032383ecb6bb234e7ca,5.0,4,B1048,-80.577366,28.5618571,1
Falcon 9,5000.0,ISS,CCSFS SLC 40,True ASDS,1,True,False,True,5e9e3032383ecb6bb234e7ca,5.0,5,B1059,-80.577366,28.5618571,1
Falcon 9,6800.0,GTO,CCSFS SLC 40,True ASDS,3,True,True,True,5e9e3032383ecb6bb234e7ca,5.0,3,B1056,-80.577366,28.5618571,1
Falcon 9,15600.0,VLEO,CCSFS SLC 40,True ASDS,4,True,True,True,5e9e3032383ecb6bb234e7ca,5.0,9,B1049,-80.577366,28.5618571,1
Falcon 9,6035.0,SO,KSC LC 39A,None None,4,False,True,False,,5.0,3,B1046,-80.6039558,28.6080585,0
Falcon 9,15600.0,VLEO,CCSFS SLC 40,True ASDS,3,True,True,True,5e9e3032383ecb6bb234e7ca,5.0,12,B1051,-80.577366,28.5618571,1
Falcon 9,15600.0,VLEO,CCSFS SLC 40,False ASDS,4,True,True,True,5e9e3032383ecb6bb234e7ca,5.0,3,B1056,-80.577366,28.5618571,0
Falcon 9,1977.0,ISS,CCSFS SLC 40,True RTLS,2,True,True,True,5e9e3032383ecb267a34e7c7,5.0,5,B1059,-80.577366,28.5618571,1
Falcon 9,15600.0,VLEO,KSC LC 39A,False ASDS,5,True,True,True,5e9e3032383ecb6bb234e7ca,5.0,4,B1048,-80.6039558,28.6080585,0
Falcon 9,15600.0,VLEO,KSC LC 39A,True ASDS,4,True,True,True,5e9e3032383ecb6bb234e7ca,5.0,12,B1051,-80.6039558,28.6080585,1
Falcon 9,9525.0,ISS,KSC LC 39A,True ASDS,1,True,False,True,5e9e3032383ecb6bb234e7ca,5.0,13,B1058,-80.6039558,28.6080585,1
Falcon 9,15600.0,VLEO,CCSFS SLC 40,True ASDS,5,True,True,True,5e9e3033383ecbb9e534e7cc,5.0,9,B1049,-80.577366,28.5618571,1
Falcon 9,15600.0,VLEO,CCSFS SLC 40,True ASDS,3,True,True,True,5e9e3032383ecb6bb234e7ca,5.0,5,B1059,-80.577366,28.5618571,1
Falcon 9,3880.0,MEO,CCSFS SLC 40,True ASDS,1,True,False,True,5e9e3033383ecbb9e534e7cc,5.0,12,B1060,-80.577366,28.5618571,1
Falcon 9,6035.0,GEO,CCSFS SLC 40,True ASDS,2,True,True,True,5e9e3033383ecbb9e534e7cc,5.0,13,B1058,-80.577366,28.5618571,1
Falcon 9,15600.0,VLEO,KSC LC 39A,True ASDS,5,True,True,True,5e9e3032383ecb6bb234e7ca,5.0,12,B1051,-80.6039558,28.6080585,1
Falcon 9,15600.0,VLEO,CCSFS SLC 40,True ASDS,6,True,True,True,5e9e3032383ecb6bb234e7ca,5.0,9,B1049,-80.577366,28.5618571,1
Falcon 9,1600.0,SSO,CCSFS SLC 40,True RTLS,4,True,True,True,5e9e3032383ecb267a34e7c7,5.0,5,B1059,-80.577366,28.5618571,1
Falcon 9,15600.0,VLEO,KSC LC 39A,True ASDS,2,True,True,True,5e9e3032383ecb6bb234e7ca,5.0,12,B1060,-80.6039558,28.6080585,1
Falcon 9,15600.0,VLEO,KSC LC 39A,True ASDS,3,True,True,True,5e9e3032383ecb6bb234e7ca,5.0,13,B1058,-80.6039558,28.6080585,1
Falcon 9,15600.0,VLEO,KSC LC 39A,True ASDS,6,True,True,True,5e9e3032383ecb6bb234e7ca,5.0,12,B1051,-80.6039558,28.6080585,1
Falcon 9,15600.0,VLEO,CCSFS SLC 40,True ASDS,3,True,True,True,5e9e3033383ecbb9e534e7cc,5.0,12,B1060,-80.577366,28.5618571,1
Falcon 9,3681.0,MEO,CCSFS SLC 40,True ASDS,1,True,False,True,5e9e3032383ecb6bb234e7ca,5.0,8,B1062,-80.577366,28.5618571,1
Falcon 9,6035.0,ISS,KSC LC 39A,True ASDS,1,True,False,True,5e9e3033383ecbb9e534e7cc,5.0,9,B1061,-80.6039558,28.6080585,1
Falcon 9,1440.0,PO,VAFB SLC 4E,True RTLS,1,True,False,True,5e9e3032383ecb554034e7c9,5.0,6,B1063,-120.610829,34.632093,1
Falcon 9,15600.0,VLEO,CCSFS SLC 40,True ASDS,7,True,True,True,5e9e3032383ecb6bb234e7ca,5.0,9,B1049,-80.577366,28.5618571,1
Falcon 9,2972.0,ISS,KSC LC 39A,True ASDS,4,True,True,True,5e9e3032383ecb6bb234e7ca,5.0,13,B1058,-80.6039558,28.6080585,1
Falcon 9,7000.0,GTO,CCSFS SLC 40,True ASDS,7,True,True,True,5e9e3033383ecbb9e534e7cc,5.0,12,B1051,-80.577366,28.5618571,1
Falcon 9,6035.0,,KSC LC 39A,True RTLS,5,True,True,True,5e9e3032383ecb267a34e7c7,5.0,5,B1059,-80.6039558,28.6080585,1
Falcon 9,3500.0,GTO,CCSFS SLC 40,True ASDS,4,True,True,True,5e9e3033383ecbb9e534e7cc,5.0,12,B1060,-80.577366,28.5618571,1
Falcon 9,15600.0,VLEO,KSC LC 39A,True ASDS,8,True,True,True,5e9e3033383ecbb9e534e7cc,5.0,12,B1051,-80.6039558,28.6080585,1
Falcon 9,6035.0,SSO,CCSFS SLC 40,True ASDS,5,True,True,True,5e9e3032383ecb6bb234e7ca,5.0,13,B1058,-80.577366,28.5618571,1
Falcon 9,15600.0,VLEO,CCSFS SLC 40,True ASDS,5,True,True,True,5e9e3032383ecb6bb234e7ca,5.0,12,B1060,-80.577366,28.5618571,1
Falcon 9,15600.0,VLEO,CCSFS SLC 40,False ASDS,6,True,True,True,5e9e3032383ecb6bb234e7ca,5.0,5,B1059,-80.577366,28.5618571,0
Falcon 9,15600.0,VLEO,KSC LC 39A,True ASDS,8,True,True,True,5e9e3032383ecb6bb234e7ca,5.0,9,B1049,-80.6039558,28.6080585,1
Falcon 9,15600.0,VLEO,CCSFS SLC 40,True ASDS,6,True,True,True,5e9e3033383ecbb9e534e7cc,5.0,13,B1058,-80.577366,28.5618571,1
Falcon 9,15600.0,VLEO,KSC LC 39A,True ASDS,9,True,True,True,5e9e3032383ecb6bb234e7ca,5.0,12,B1051,-80.6039558,28.6080585,1
Falcon 9,15600.0,VLEO,CCSFS SLC 40,True ASDS,6,True,True,True,5e9e3032383ecb6bb234e7ca,5.0,12,B1060,-80.577366,28.5618571,1
Falcon 9,15600.0,VLEO,CCSFS SLC 40,True ASDS,7,True,True,True,5e9e3032383ecb6bb234e7ca,5.0,13,B1058,-80.577366,28.5618571,1
Falcon 9,6035.0,ISS,KSC LC 39A,True ASDS,2,True,True,True,5e9e3032383ecb6bb234e7ca,5.0,9,B1061,-80.6039558,28.6080585,1
Falcon 9,15600.0,VLEO,CCSFS SLC 40,True ASDS,7,True,True,True,5e9e3033383ecbb9e534e7cc,5.0,12,B1060,-80.577366,28.5618571,1
Falcon 9,15600.0,VLEO,KSC LC 39A,True ASDS,9,True,True,True,5e9e3032383ecb6bb234e7ca,5.0,9,B1049,-80.6039558,28.6080585,1
Falcon 9,15600.0,VLEO,CCSFS SLC 40,True ASDS,10,True,True,True,5e9e3032383ecb6bb234e7ca,5.0,12,B1051,-80.577366,28.5618571,1
Falcon 9,13520.0,VLEO,KSC LC 39A,True ASDS,8,True,True,True,5e9e3032383ecb6bb234e7ca,5.0,13,B1058,-80.6039558,28.6080585,1
Falcon 9,15600.0,VLEO,CCSFS SLC 40,True ASDS,2,True,True,True,5e9e3033383ecbb9e534e7cc,5.0,6,B1063,-80.577366,28.5618571,1
Falcon 9,3328.0,ISS,KSC LC 39A,True ASDS,1,True,False,True,5e9e3032383ecb6bb234e7ca,5.0,5,B1067,-80.6039558,28.6080585,1
Falcon 9,7000.0,GTO,CCSFS SLC 40,True ASDS,3,True,True,True,5e9e3033383ecbb9e534e7cc,5.0,9,B1061,-80.577366,28.5618571,1
Falcon 9,3681.0,MEO,CCSFS SLC 40,True ASDS,2,True,True,True,5e9e3033383ecbb9e534e7cc,5.0,8,B1062,-80.577366,28.5618571,1
Falcon 9,6035.0,SSO,CCSFS SLC 40,True RTLS,8,True,True,True,5e9e3032383ecb267a34e7c7,5.0,12,B1060,-80.577366,28.5618571,1
Falcon 9,6035.0,ISS,KSC LC 39A,True ASDS,4,True,True,True,5e9e3033383ecb075134e7cd,5.0,9,B1061,-80.6039558,28.6080585,1
Falcon 9,15600.0,PO,VAFB SLC 4E,True ASDS,10,True,True,True,5e9e3032383ecb6bb234e7ca,5.0,9,B1049,-120.610829,34.632093,1
Falcon 9,6035.0,LEO,KSC LC 39A,True ASDS,3,True,True,True,5e9e3033383ecbb9e534e7cc,5.0,8,B1062,-80.6039558,28.6080585,1
Falcon 9,12519.0,ISS,KSC LC 39A,True ASDS,2,True,True,True,5e9e3033383ecb075134e7cd,5.0,5,B1067,-80.6039558,28.6080585,1
Falcon 9,13260.0,LEO,CCSFS SLC 40,True ASDS,9,True,True,True,5e9e3033383ecbb9e534e7cc,5.0,13,B1058,-80.577366,28.5618571,1
Falcon 9,670.0,TLI,VAFB SLC 4E,True ASDS,2,True,True,True,5e9e3032383ecb6bb234e7ca,5.0,6,B1063,-120.610829,34.632093,1
Falcon 9,13260.0,PO,CCSFS SLC 40,True ASDS,9,True,True,True,5e9e3033383ecb075134e7cd,5.0,12,B1060,-80.577366,28.5618571,1
Falcon 9,330.0,LEO,KSC LC 39A,True ASDS,5,True,True,True,5e9e3033383ecbb9e534e7cc,5.0,9,B1061,-80.6039558,28.6080585,1
Falcon 9,13260.0,PO,VAFB SLC 4E,True ASDS,11,True,True,True,5e9e3032383ecb6bb234e7ca,5.0,12,B1051,-120.610829,34.632093,1
Falcon 9,3500.0,GTO,CCSFS SLC 40,True ASDS,3,True,True,True,5e9e3033383ecb075134e7cd,5.0,5,B1067,-80.577366,28.5618571,1
Falcon 9,6035.0,ISS,KSC LC 39A,True ASDS,1,True,False,True,5e9e3033383ecbb9e534e7cc,5.0,1,B1069,-80.6039558,28.6080585,1
Falcon 9,13260.0,VLEO,KSC LC 39A,True ASDS,4,True,True,True,5e9e3033383ecb075134e7cd,5.0,8,B1062,-80.6039558,28.6080585,1
Falcon 9,6035.0,LEO,CCSFS SLC 40,True RTLS,10,True,True,True,5e9e3032383ecb267a34e7c7,5.0,13,B1058,-80.577366,28.5618571,1
Falcon 9,13260.0,VLEO,KSC LC 39A,True ASDS,10,True,True,True,5e9e3033383ecb075134e7cd,5.0,12,B1060,-80.6039558,28.6080585,1
Falcon 9,2240.0,SSO,CCSFS SLC 40,True RTLS,3,True,True,True,5e9e3032383ecb267a34e7c7,5.0,6,B1052,-80.577366,28.5618571,1
Falcon 9,6035.0,LEO,VAFB SLC 4E,True RTLS,1,True,False,True,5e9e3032383ecb554034e7c9,5.0,3,B1071,-120.610829,34.632093,1
Falcon 9,13260.0,VLEO,KSC LC 39A,True ASDS,6,True,True,True,5e9e3033383ecb075134e7cd,5.0,9,B1061,-80.6039558,28.6080585,1
Falcon 9,13260.0,VLEO,CCSFS SLC 40,True ASDS,11,True,True,True,5e9e3033383ecb075134e7cd,5.0,13,B1058,-80.577366,28.5618571,1
Falcon 9,13260.0,VLEO,VAFB SLC 4E,True ASDS,4,True,True,True,5e9e3032383ecb6bb234e7ca,5.0,6,B1063,-120.610829,34.632093,1
Falcon 9,13260.0,VLEO,KSC LC 39A,True ASDS,11,True,True,True,5e9e3033383ecbb9e534e7cc,5.0,12,B1060,-80.6039558,28.6080585,1
Falcon 9,13260.0,VLEO,CCSFS SLC 40,True ASDS,4,True,True,True,5e9e3033383ecb075134e7cd,5.0,6,B1052,-80.577366,28.5618571,1
Falcon 9,13260.0,VLEO,CCSFS SLC 40,True ASDS,12,True,True,True,5e9e3033383ecbb9e534e7cc,5.0,12,B1051,-80.577366,28.5618571,1
Falcon 9,6035.0,SSO,CCSFS SLC 40,True ASDS,7,True,True,True,5e9e3033383ecbb9e534e7cc,5.0,9,B1061,-80.577366,28.5618571,1
Falcon 9,6035.0,ISS,KSC LC 39A,True ASDS,5,True,True,True,5e9e3033383ecb075134e7cd,5.0,8,B1062,-80.6039558,28.6080585,1
Falcon 9,6035.0,LEO,VAFB SLC 4E,True RTLS,2,True,True,True,5e9e3032383ecb554034e7c9,5.0,3,B1071,-120.610829,34.632093,1
Falcon 9,13260.0,VLEO,CCSFS SLC 40,True ASDS,12,True,True,True,5e9e3033383ecbb9e534e7cc,5.0,12,B1060,-80.577366,28.5618571,1
Falcon 9,6035.0,ISS,KSC LC 39A,True ASDS,4,True,True,True,5e9e3033383ecb075134e7cd,5.0,5,B1067,-80.6039558,28.6080585,1
Falcon 9,13260.0,VLEO,CCSFS SLC 40,True ASDS,6,True,True,True,5e9e3033383ecbb9e534e7cc,5.0,8,B1062,-80.577366,28.5618571,1
Falcon 9,13260.0,VLEO,KSC LC 39A,True ASDS,12,True,True,True,5e9e3033383ecb075134e7cd,5.0,13,B1058,-80.6039558,28.6080585,1
Falcon 9,13260.0,VLEO,VAFB SLC 4E,True ASDS,5,True,True,True,5e9e3032383ecb6bb234e7ca,5.0,6,B1063,-120.610829,34.632093,1
Falcon 9,13260.0,VLEO,CCSFS SLC 40,True ASDS,1,True,False,True,5e9e3033383ecbb9e534e7cc,5.0,2,B1073,-80.577366,28.5618571,1
Falcon 9,13260.0,VLEO,KSC LC 39A,True ASDS,5,True,True,True,5e9e3033383ecb075134e7cd,5.0,6,B1052,-80.6039558,28.6080585,1
Falcon 9,6035.0,SSO,CCSFS SLC 40,True RTLS,8,True,True,True,5e9e3032383ecb267a34e7c7,5.0,9,B1061,-80.577366,28.5618571,1
Falcon 9,3938.0,GEO,CCSFS SLC 40,True ASDS,7,True,True,True,5e9e3033383ecbb9e534e7cc,5.0,8,B1062,-80.577366,28.5618571,1
Falcon 9,13260.0,VLEO,KSC LC 39A,True ASDS,13,True,True,True,5e9e3033383ecb075134e7cd,5.0,12,B1060,-80.6039558,28.6080585,1
Falcon 9,2200.0,SSO,VAFB SLC 4E,True RTLS,3,True,True,True,5e9e3032383ecb554034e7c9,5.0,3,B1071,-120.610829,34.632093,1
Falcon 9,700.0,LEO,CCSFS SLC 40,True ASDS,9,True,True,True,5e9e3033383ecbb9e534e7cc,5.0,9,B1061,-80.577366,28.5618571,1
Falcon 9,3500.0,MEO,CCSFS SLC 40,True ASDS,2,True,True,True,5e9e3033383ecb075134e7cd,5.0,2,B1073,-80.577366,28.5618571,1
Falcon 9,13260.0,VLEO,CCSFS SLC 40,True ASDS,13,True,True,True,5e9e3033383ecbb9e534e7cc,5.0,13,B1058,-80.577366,28.5618571,1
Falcon 9,13260.0,VLEO,VAFB SLC 4E,True ASDS,6,True,True,True,5e9e3032383ecb6bb234e7ca,5.0,6,B1063,-120.610829,34.632093,1
Falcon 9,6035.0,ISS,KSC LC 39A,True ASDS,5,True,True,True,5e9e3033383ecb075134e7cd,5.0,5,B1067,-80.6039558,28.6080585,1
Falcon 9,13260.0,VLEO,CCSFS SLC 40,True ASDS,13,True,True,True,5e9e3033383ecbb9e534e7cc,5.0,12,B1051,-80.577366,28.5618571,1
Falcon 9,13260.0,VLEO,VAFB SLC 4E,True ASDS,4,True,True,True,5e9e3032383ecb6bb234e7ca,5.0,3,B1071,-120.610829,34.632093,1
Falcon 9,13260.0,VLEO,CCSFS SLC 40,True ASDS,8,True,True,True,5e9e3033383ecb075134e7cd,5.0,8,B1062,-80.577366,28.5618571,1
Falcon 9,678.0,TLI,CCSFS SLC 40,True ASDS,6,True,True,True,5e9e3033383ecbb9e534e7cc,5.0,6,B1052,-80.577366,28.5618571,1
Falcon 9,13260.0,VLEO,KSC LC 39A,True ASDS,3,True,True,True,5e9e3033383ecb075134e7cd,5.0,2,B1073,-80.6039558,28.6080585,1
Falcon 9,13260.0,VLEO,VAFB SLC 4E,True ASDS,10,True,True,True,5e9e3032383ecb6bb234e7ca,5.0,9,B1061,-120.610829,34.632093,1
Falcon 9,13260.0,VLEO,CCSFS SLC 40,True ASDS,9,True,True,True,5e9e3033383ecb075134e7cd,5.0,8,B1062,-80.577366,28.5618571,1
Falcon 9,13260.0,VLEO,KSC LC 39A,True ASDS,2,True,True,True,5e9e3033383ecb075134e7cd,5.0,1,B1069,-80.6039558,28.6080585,1
Falcon 9,13260.0,VLEO,VAFB SLC 4E,True ASDS,7,True,True,True,5e9e3032383ecb6bb234e7ca,5.0,6,B1063,-120.610829,34.632093,1
Falcon 9,13260.0,VLEO,CCSFS SLC 40,True ASDS,7,True,True,True,5e9e3033383ecbb9e534e7cc,5.0,6,B1052,-80.577366,28.5618571,1
Falcon 9,13260.0,VLEO,KSC LC 39A,True ASDS,14,True,True,True,5e9e3033383ecb075134e7cd,5.0,13,B1058,-80.6039558,28.6080585,1
Falcon 9,13260.0,VLEO,CCSFS SLC 40,True ASDS,6,True,True,True,5e9e3033383ecbb9e534e7cc,5.0,5,B1067,-80.577366,28.5618571,1
Falcon 9,13260.0,VLEO,CCSFS SLC 40,True ASDS,4,True,True,True,5e9e3033383ecbb9e534e7cc,5.0,0,B1072,-80.577366,28.5618571,1
Falcon 9,6035.0,ISS,KSC LC 39A,True ASDS,1,True,False,True,5e9e3033383ecbb9e534e7cc,5.0,0,B1077,-80.6039558,28.6080585,1
